{"cameraMode":{"drawMode":2,"name":"Shaded Wireframe","section":"Shading Mode"},"sceneLighting":true,"audioPlay":false,"sceneViewState":{"m_AlwaysRefresh":false,"showFog":true,"showSkybox":true,"showFlares":true,"showImageEffects":true,"showParticleSystems":true,"showVisualEffectGraphs":true,"m_FxEnabled":true},"in2DMode":false,"pivot":{"x":-0.014200448989868164,"y":0.15279531478881837,"z":-0.0877535343170166},"rotation":{"x":-0.10304762423038483,"y":0.8911914229393005,"z":-0.2541538178920746,"w":-0.36133697628974917},"size":2.2655789852142336,"orthographic":false}