{"cameraMode":{"drawMode":2,"name":"Shaded Wireframe","section":"Shading Mode"},"sceneLighting":true,"audioPlay":false,"sceneViewState":{"m_AlwaysRefresh":false,"showFog":true,"showSkybox":true,"showFlares":true,"showImageEffects":true,"showParticleSystems":true,"showVisualEffectGraphs":true,"m_FxEnabled":true},"in2DMode":false,"pivot":{"x":-0.016948699951171876,"y":0.5500304102897644,"z":-0.37738704681396487},"rotation":{"x":0.12585043907165528,"y":-0.8688904643058777,"z":0.3858344554901123,"w":0.28341230750083926},"size":9.13211727142334,"orthographic":true}